Workbook

Sheet 재고관리
A1: 구성품 연동형 재고 관리
A3: ◼ 기초 재고 설정 (고정값)
A4: 구성품 | B4: 기초 재고 (개)
A5: 티백 | B5: 900
A6: 잎차 | B6: 130
A7: 파우더 | B7: 130
A9: ◼ 기본 풀SET · 티백 ×1 + 잎차 ×1 + 파우더 ×1
A10: 상품명 | B10: 판매 수량 | C10: 배수 | D10: 차감량 (3종 각)
A11: 기본 풀SET | B11: 0 | C11: ×1 | D11: =B11 | E11: 각 구성품 1개씩
A13: ◼ 티백 상품
A14: 상품명 | B14: 판매 수량 | C14: 배수 | D14: 티백 차감량
A15: 티백 단품 | B15: 0 | C15: ×1 | D15: =B15*1
A16: 티백 3개 SET | B16: 0 | C16: ×3 | D16: =B16*3
A17: 티백 6개 SET | B17: 0 | C17: ×6 | D17: =B17*6
A18: 소계 (풀SET 포함) | D18: =SUM(D15:D17)+D11
A20: ◼ 잎차 상품
A21: 상품명 | B21: 판매 수량 | C21: 배수 | D21: 잎차 차감량
A22: 잎차 단품 | B22: 0 | C22: ×1 | D22: =B22*1
A23: 잎차 3개 SET | B23: 0 | C23: ×3 | D23: =B23*3
A24: 잎차 6개 SET | B24: 0 | C24: ×6 | D24: =B24*6
A25: 소계 (풀SET 포함) | D25: =SUM(D22:D24)+D11
A27: ◼ 파우더 상품
A28: 상품명 | B28: 판매 수량 | C28: 배수 | D28: 파우더 차감량
A29: 파우더 단품 | B29: 0 | C29: ×1 | D29: =B29*1
A30: 파우더 3개 SET | B30: 0 | C30: ×3 | D30: =B30*3
A31: 파우더 6개 SET | B31: 0 | C31: ×6 | D31: =B31*6
A32: 소계 (풀SET 포함) | D32: =SUM(D29:D31)+D11
A34: ◼ 현재 재고 현황 (자동 계산)
A35: 구성품 | B35: 기초 재고 | C35: 총 차감량 | D35: 현재 재고 | E35: 재고 상태
A36: 티백 | B36: =B5 | C36: =D18 | D36: =B36-C36 | E36: =IF(D36<=0,"⛔ 재고 없음",IF(D36<=20,"⚠ 재고 부족","✅ 정상"))
A37: 잎차 | B37: =B6 | C37: =D25 | D37: =B37-C37 | E37: =IF(D37<=0,"⛔ 재고 없음",IF(D37<=20,"⚠ 재고 부족","✅ 정상"))
A38: 파우더 | B38: =B7 | C38: =D32 | D38: =B38-C38 | E38: =IF(D38<=0,"⛔ 재고 없음",IF(D38<=20,"⚠ 재고 부족","✅ 정상"))

Sheet 쇼핑백 재고
A1: 쇼핑백 재고 관리
A2: 사용 수량(노란칸) 입력 · 재고 이동은 [이동 로그] 시트에 기록 → 이동 증감 자동 반영
A3: 상품명 | B3: 기초 재고 | C3: 사용 수량 | D3: 이동 증감 | E3: 남은 수량 | F3: 재고 상태
A4: 티백 단품 | B4: 20 | C4: 0 | D4: =SUMIF('이동 로그'!$C:$C,A4,'이동 로그'!$D:$D)-SUMIF('이동 로그'!$B:$B,A4,'이동 로그'!$D:$D) | E4: =B4-C4+D4 | F4: =IF(E4<=0,"⛔ 없음",IF(E4<=10,"⚠ 부족","✅ 정상"))
A5: 잎차 단품 | B5: 20 | C5: 0 | D5: =SUMIF('이동 로그'!$C:$C,A5,'이동 로그'!$D:$D)-SUMIF('이동 로그'!$B:$B,A5,'이동 로그'!$D:$D) | E5: =B5-C5+D5 | F5: =IF(E5<=0,"⛔ 없음",IF(E5<=10,"⚠ 부족","✅ 정상"))
A6: 파우더 단품 | B6: 20 | C6: 0 | D6: =SUMIF('이동 로그'!$C:$C,A6,'이동 로그'!$D:$D)-SUMIF('이동 로그'!$B:$B,A6,'이동 로그'!$D:$D) | E6: =B6-C6+D6 | F6: =IF(E6<=0,"⛔ 없음",IF(E6<=10,"⚠ 부족","✅ 정상"))
A7: 단품 소계 | B7: =SUM(B4:B6) | C7: =SUM(C4:C6) | D7: =SUM(D4:D6) | E7: =SUM(E4:E6)
A9: 티백 3개 SET | B9: 100 | C9: 0 | D9: =SUMIF('이동 로그'!$C:$C,A9,'이동 로그'!$D:$D)-SUMIF('이동 로그'!$B:$B,A9,'이동 로그'!$D:$D) | E9: =B9-C9+D9 | F9: =IF(E9<=0,"⛔ 없음",IF(E9<=10,"⚠ 부족","✅ 정상"))
A10: 잎차 3개 SET | B10: 20 | C10: 0 | D10: =SUMIF('이동 로그'!$C:$C,A10,'이동 로그'!$D:$D)-SUMIF('이동 로그'!$B:$B,A10,'이동 로그'!$D:$D) | E10: =B10-C10+D10 | F10: =IF(E10<=0,"⛔ 없음",IF(E10<=10,"⚠ 부족","✅ 정상"))
A11: 파우더 3개 SET | B11: 20 | C11: 0 | D11: =SUMIF('이동 로그'!$C:$C,A11,'이동 로그'!$D:$D)-SUMIF('이동 로그'!$B:$B,A11,'이동 로그'!$D:$D) | E11: =B11-C11+D11 | F11: =IF(E11<=0,"⛔ 없음",IF(E11<=10,"⚠ 부족","✅ 정상"))
A12: 3개 SET 소계 | B12: =SUM(B9:B11) | C12: =SUM(C9:C11) | D12: =SUM(D9:D11) | E12: =SUM(E9:E11)
A14: 티백 6개 SET | B14: 80 | C14: 0 | D14: =SUMIF('이동 로그'!$C:$C,A14,'이동 로그'!$D:$D)-SUMIF('이동 로그'!$B:$B,A14,'이동 로그'!$D:$D) | E14: =B14-C14+D14 | F14: =IF(E14<=0,"⛔ 없음",IF(E14<=10,"⚠ 부족","✅ 정상"))
A15: 잎차 6개 SET | B15: 20 | C15: 0 | D15: =SUMIF('이동 로그'!$C:$C,A15,'이동 로그'!$D:$D)-SUMIF('이동 로그'!$B:$B,A15,'이동 로그'!$D:$D) | E15: =B15-C15+D15 | F15: =IF(E15<=0,"⛔ 없음",IF(E15<=10,"⚠ 부족","✅ 정상"))
A16: 파우더 6개 SET | B16: 20 | C16: 0 | D16: =SUMIF('이동 로그'!$C:$C,A16,'이동 로그'!$D:$D)-SUMIF('이동 로그'!$B:$B,A16,'이동 로그'!$D:$D) | E16: =B16-C16+D16 | F16: =IF(E16<=0,"⛔ 없음",IF(E16<=10,"⚠ 부족","✅ 정상"))
A17: 6개 SET 소계 | B17: =SUM(B14:B16) | C17: =SUM(C14:C16) | D17: =SUM(D14:D16) | E17: =SUM(E14:E16)
A19: 전체 합계 | B19: =B7+B12+B17 | C19: =C7+C12+C17 | D19: =D7+D12+D17 | E19: =E7+E12+E17

Sheet 이동 로그
A1: 쇼핑백 재고 이동 로그
A2: 출발지·도착지 드롭다운 선택 → 수량 입력 → [쇼핑백 재고] 시트에 자동 반영
A3: 날짜 | B3: 출발지 (FROM) | C3: 도착지 (TO) | D3: 수량 (개) | E3: 메모 / 이동 사유
A4: 2026-05-06 | B4: 티백 단품 | C4: 티백 6개 SET | D4: 30 | E4: 6개 SET 소진 빠름 → 단품에서 이동
